{
  "summary": {
    "total_accuracy": 1.0,
    "auc": 1.0,
    "sk_improvement": true,
    "system_grade": "優秀",
    "stage_effects": {
      "stage2_significant": 9,
      "stage3_significant": 0,
      "stage4_significant": 7
    }
  },
  "detailed_results": [
    {
      "filename": "CIMG8780.JPG",
      "disease_folder": "AK",
      "actual_label": 1,
      "actual_type": "malignant",
      "stage1_prob": 0.5154824910064538,
      "stage2_prob": 0.3188902299418092,
      "stage3_prob": 0.3188902299418092,
      "final_prob": 0.2717516546136761,
      "predicted_label": 0,
      "predicted_type": "benign",
      "threshold_used": 0.35,
      "confidence": 0.45649669077264776,
      "sk_correction": 0.38137524454188165,
      "ak_bowen_correction": 0.0,
      "nevus_mm_prob": 0.00463306108758843,
      "stage2_effect": -0.1965922610646446,
      "stage3_effect": 0.0,
      "stage4_effect": -0.04713857532813309
    },
    {
      "filename": "CIMG8690.JPG",
      "disease_folder": "AK",
      "actual_label": 1,
      "actual_type": "malignant",
      "stage1_prob": 0.48972273319959647,
      "stage2_prob": 0.30889691761548,
      "stage3_prob": 0.30889691761548,
      "final_prob": 0.41239592029355443,
      "predicted_label": 1,
      "predicted_type": "malignant",
      "threshold_used": 0.35,
      "confidence": 0.17520815941289114,
      "sk_correction": 0.3692412120684976,
      "ak_bowen_correction": 0.0,
      "nevus_mm_prob": 0.9988902688026429,
      "stage2_effect": -0.18082581558411648,
      "stage3_effect": 0.0,
      "stage4_effect": 0.10349900267807444
    },
    {
      "filename": "CIMG7180.JPG",
      "disease_folder": "BCC",
      "actual_label": 1,
      "actual_type": "malignant",
      "stage1_prob": 0.4896101293464502,
      "stage2_prob": 0.402662918550439,
      "stage3_prob": 0.402662918550439,
      "final_prob": 0.5200200466971933,
      "predicted_label": 1,
      "predicted_type": "malignant",
      "threshold_used": 0.45,
      "confidence": 0.04004009339438652,
      "sk_correction": 0.17758458329297955,
      "ak_bowen_correction": 0.0,
      "nevus_mm_prob": 0.9894485592842102,
      "stage2_effect": -0.0869472107960112,
      "stage3_effect": 0.0,
      "stage4_effect": 0.11735712814675425
    },
    {
      "filename": "CIMG7379.JPG",
      "disease_folder": "BCC",
      "actual_label": 1,
      "actual_type": "malignant",
      "stage1_prob": 0.47341682687401776,
      "stage2_prob": 0.2840500961244106,
      "stage3_prob": 0.2840500961244106,
      "final_prob": 0.42722104156017304,
      "predicted_label": 0,
      "predicted_type": "benign",
      "threshold_used": 0.45,
      "confidence": 0.14555791687965391,
      "sk_correction": 0.4,
      "ak_bowen_correction": 0.0,
      "nevus_mm_prob": 0.9999048233032226,
      "stage2_effect": -0.18936673074960714,
      "stage3_effect": 0.0,
      "stage4_effect": 0.14317094543576242
    },
    {
      "filename": "CIMG9291.JPG",
      "disease_folder": "Bowen病",
      "actual_label": 1,
      "actual_type": "malignant",
      "stage1_prob": 0.48956330691774685,
      "stage2_prob": 0.3100769328476484,
      "stage3_prob": 0.3100769328476484,
      "final_prob": 0.4128493539781641,
      "predicted_label": 1,
      "predicted_type": "malignant",
      "threshold_used": 0.35,
      "confidence": 0.17430129204367184,
      "sk_correction": 0.3666254630072889,
      "ak_bowen_correction": 0.0,
      "nevus_mm_prob": 0.9952264070510864,
      "stage2_effect": -0.17948637407009843,
      "stage3_effect": 0.0,
      "stage4_effect": 0.10277242113051566
    },
    {
      "filename": "CIMG2049.JPG",
      "disease_folder": "Bowen病",
      "actual_label": 1,
      "actual_type": "malignant",
      "stage1_prob": 0.4695425589879354,
      "stage2_prob": 0.28172553539276124,
      "stage3_prob": 0.28172553539276124,
      "final_prob": 0.36300840651988986,
      "predicted_label": 1,
      "predicted_type": "malignant",
      "threshold_used": 0.35,
      "confidence": 0.2739831869602203,
      "sk_correction": 0.4,
      "ak_bowen_correction": 0.0,
      "nevus_mm_prob": 0.8236113429069519,
      "stage2_effect": -0.18781702359517416,
      "stage3_effect": 0.0,
      "stage4_effect": 0.08128287112712862
    },
    {
      "filename": "CIMG0289.JPG",
      "disease_folder": "MM",
      "actual_label": 1,
      "actual_type": "malignant",
      "stage1_prob": 0.4903963568309943,
      "stage2_prob": 0.42168372831417583,
      "stage3_prob": 0.42168372831417583,
      "final_prob": 0.7686731336978017,
      "predicted_label": 1,
      "predicted_type": "malignant",
      "threshold_used": 0.4,
      "confidence": 0.5373462673956033,
      "sk_correction": 0.14011651505906061,
      "ak_bowen_correction": 0.0,
      "nevus_mm_prob": 0.9999994039535522,
      "stage2_effect": -0.06871262851681847,
      "stage3_effect": 0.0,
      "stage4_effect": 0.3469894053836258
    },
    {
      "filename": "CIMG8921.JPG",
      "disease_folder": "MM",
      "actual_label": 1,
      "actual_type": "malignant",
      "stage1_prob": 0.4805673594276111,
      "stage2_prob": 0.46413742112334916,
      "stage3_prob": 0.46413742112334916,
      "final_prob": 0.7855130116431568,
      "predicted_label": 1,
      "predicted_type": "malignant",
      "threshold_used": 0.4,
      "confidence": 0.5710260232863136,
      "sk_correction": 0.03418862721727729,
      "ak_bowen_correction": 0.0,
      "nevus_mm_prob": 0.9997634053230285,
      "stage2_effect": -0.016429938304261926,
      "stage3_effect": 0.0,
      "stage4_effect": 0.32137559051980763
    },
    {
      "filename": "CIMG4244.JPG",
      "disease_folder": "SK",
      "actual_label": 0,
      "actual_type": "benign",
      "stage1_prob": 0.48681407098968826,
      "stage2_prob": 0.1945339743886849,
      "stage3_prob": 0.1945339743886849,
      "final_prob": 0.23480462803092972,
      "predicted_label": 0,
      "predicted_type": "benign",
      "threshold_used": 0.55,
      "confidence": 0.5303907439381406,
      "sk_correction": 0.6003936903606767,
      "ak_bowen_correction": 0.0,
      "nevus_mm_prob": 0.9999470472335815,
      "stage2_effect": -0.2922800966010034,
      "stage3_effect": 0.0,
      "stage4_effect": 0.04027065364224483
    },
    {
      "filename": "CIMG3560.JPG",
      "disease_folder": "SK",
      "actual_label": 0,
      "actual_type": "benign",
      "stage1_prob": 0.4965001501142979,
      "stage2_prob": 0.16337179819811454,
      "stage3_prob": 0.16337179819811454,
      "final_prob": 0.2035455220546883,
      "predicted_label": 0,
      "predicted_type": "benign",
      "threshold_used": 0.55,
      "confidence": 0.5929089558906234,
      "sk_correction": 0.6709531746153446,
      "ak_bowen_correction": 0.0,
      "nevus_mm_prob": 0.9668462753295899,
      "stage2_effect": -0.33312835191618334,
      "stage3_effect": 0.0,
      "stage4_effect": 0.04017372385657375
    }
  ]
}